intent,example
open_chrome,open chrome now immediately
open_chrome,open chrome now please
open_chrome,Can you open chrome today
open_chrome,Can you open chrome now
open_chrome,I want to open chrome system
open_chrome,I want to open chrome for me
open_chrome,open chrome now
open_chrome,I want to open chrome today
open_chrome,open chrome now quickly
open_chrome,open chrome please mode
open_chrome,I want to open chrome if possible
open_chrome,open chrome now hands free
open_chrome,Can you open chrome
open_chrome,open chrome please hands free
open_chrome,open chrome now right away
open_chrome,I want to open chrome mode
open_chrome,Can you open chrome for me
open_chrome,open chrome please immediately
open_chrome,Can you open chrome start it
open_chrome,I want to open chrome
open_chrome,open chrome please if possible
open_chrome,I want to open chrome quickly
open_chrome,open chrome now now
open_chrome,open chrome now if possible
open_chrome,open chrome please function
open_chrome,Can you open chrome if possible
open_chrome,I want to open chrome now
open_chrome,Can you open chrome please
open_chrome,Can you open chrome hands free
open_chrome,Can you open chrome activate it
open_chrome,open chrome please quickly
open_chrome,open chrome please today
open_chrome,open chrome now AI gestures
open_chrome,open chrome now mode
open_chrome,open chrome please activate it
open_chrome,open chrome now system
open_chrome,open chrome please for me
open_chrome,open chrome please
play_song,play song please now
play_song,play song please activate it
play_song,I want to play song system
play_song,play song please quickly
play_song,Can you play song system
play_song,play song please start it
play_song,play song now
play_song,Can you play song now
play_song,play song please AI gestures
play_song,play song please immediately
play_song,play song now now
play_song,play song now for me
play_song,Can you play song quickly
play_song,I want to play song
play_song,play song now hands free
play_song,I want to play song please
play_song,play song please function
play_song,play song now quickly
play_song,play song now if possible
play_song,Can you play song for me
play_song,I want to play song function
play_song,I want to play song immediately
play_song,I want to play song today
play_song,play song please if possible
play_song,play song please right away
play_song,Can you play song immediately
play_song,Can you play song right away
play_song,play song now today
play_song,play song please
play_song,I want to play song mode
play_song,I want to play song right away
play_song,play song now activate it
play_song,play song now function
play_song,Can you play song activate it
play_song,I want to play song quickly
play_song,Can you play song today
play_song,play song now right away
play_song,play song now AI gestures
play_song,I want to play song start it
play_song,I want to play song AI gestures
play_song,Can you play song if possible
play_song,Can you play song please
play_song,play song now immediately
play_song,I want to play song hands free
play_song,I want to play song if possible
play_song,Can you play song
play_song,Can you play song function
play_song,play song please hands free
open_youtube,I want to open youtube right away
open_youtube,open youtube please system
open_youtube,open youtube now start it
open_youtube,Can you open youtube AI gestures
open_youtube,open youtube now mode
open_youtube,Can you open youtube activate it
open_youtube,open youtube now
open_youtube,Can you open youtube for me
open_youtube,open youtube please for me
open_youtube,I want to open youtube if possible
open_youtube,Can you open youtube function
open_youtube,open youtube please activate it
open_youtube,open youtube please
open_youtube,Can you open youtube now
open_youtube,open youtube now function
open_youtube,open youtube please AI gestures
open_youtube,open youtube please start it
open_youtube,open youtube please if possible
open_youtube,Can you open youtube right away
open_youtube,open youtube please mode
open_youtube,open youtube please please
open_youtube,open youtube now AI gestures
open_youtube,Can you open youtube
open_youtube,open youtube please immediately
open_youtube,Can you open youtube start it
open_youtube,open youtube please function
open_youtube,I want to open youtube quickly
open_youtube,Can you open youtube system
open_youtube,I want to open youtube system
open_youtube,I want to open youtube today
open_youtube,I want to open youtube AI gestures
open_youtube,open youtube please hands free
open_youtube,open youtube now today
open_youtube,open youtube now if possible
open_youtube,I want to open youtube immediately
open_youtube,open youtube please today
open_youtube,Can you open youtube quickly
open_youtube,Can you open youtube please
open_youtube,Can you open youtube today
open_youtube,open youtube now quickly
open_youtube,open youtube now for me
open_youtube,I want to open youtube activate it
open_youtube,open youtube now hands free
open_youtube,I want to open youtube mode
open_youtube,open youtube now now
open_youtube,I want to open youtube
open_youtube,I want to open youtube hands free
open_youtube,Can you open youtube if possible
open_wikipedia,I want to open wikipedia
open_wikipedia,open wikipedia now right away
open_wikipedia,open wikipedia please
open_wikipedia,open wikipedia now AI gestures
open_wikipedia,open wikipedia now if possible
open_wikipedia,I want to open wikipedia hands free
open_wikipedia,I want to open wikipedia activate it
open_wikipedia,Can you open wikipedia AI gestures
open_wikipedia,I want to open wikipedia mode
open_wikipedia,open wikipedia please immediately
open_wikipedia,I want to open wikipedia start it
open_wikipedia,Can you open wikipedia right away
open_wikipedia,I want to open wikipedia quickly
open_wikipedia,open wikipedia now mode
open_wikipedia,open wikipedia now
open_wikipedia,open wikipedia please please
open_wikipedia,Can you open wikipedia system
open_wikipedia,I want to open wikipedia immediately
open_wikipedia,I want to open wikipedia function
open_wikipedia,I want to open wikipedia system
open_wikipedia,open wikipedia now please
open_wikipedia,Can you open wikipedia today
open_wikipedia,Can you open wikipedia
open_wikipedia,open wikipedia please today
open_wikipedia,Can you open wikipedia if possible
open_wikipedia,I want to open wikipedia please
open_wikipedia,open wikipedia now start it
open_wikipedia,open wikipedia please AI gestures
open_wikipedia,open wikipedia now for me
open_wikipedia,I want to open wikipedia for me
open_wikipedia,open wikipedia now hands free
open_wikipedia,open wikipedia please right away
open_wikipedia,open wikipedia please activate it
open_wikipedia,Can you open wikipedia please
open_wikipedia,open wikipedia please quickly
open_wikipedia,I want to open wikipedia if possible
open_wikipedia,Can you open wikipedia for me
open_wikipedia,Can you open wikipedia mode
open_wikipedia,I want to open wikipedia today
open_wikipedia,open wikipedia now system
open_wikipedia,open wikipedia now function
open_wikipedia,open wikipedia now now
open_wikipedia,open wikipedia now activate it
open_wikipedia,Can you open wikipedia now
open_wikipedia,open wikipedia now quickly
open_wikipedia,open wikipedia please system
open_wikipedia,Can you open wikipedia start it
open_wikipedia,open wikipedia please now
open_wikipedia,open wikipedia please mode
search_website,search website please hands free
search_website,search website please
search_website,search website please AI gestures
search_website,search website please please
search_website,Can you search website for me
search_website,Can you search website immediately
search_website,search website now function
search_website,Can you search website AI gestures
search_website,I want to search website for me
search_website,search website now
search_website,I want to search website AI gestures
search_website,search website please immediately
search_website,I want to search website activate it
search_website,I want to search website
search_website,I want to search website if possible
search_website,I want to search website start it
search_website,Can you search website now
search_website,Can you search website function
search_website,search website now immediately
search_website,search website please now
search_website,I want to search website today
search_website,I want to search website quickly
search_website,search website now start it
search_website,search website please system
search_website,I want to search website mode
search_website,search website please function
search_website,Can you search website activate it
search_website,Can you search website hands free
search_website,Can you search website right away
search_website,search website please for me
search_website,search website now now
search_website,search website now AI gestures
search_website,search website now if possible
search_website,search website please today
search_website,Can you search website start it
search_website,Can you search website
search_website,I want to search website please
search_website,Can you search website system
search_website,search website please quickly
search_website,I want to search website system
search_website,search website now activate it
search_website,search website now hands free
search_website,search website please if possible
search_google_command,Can you search google command quickly
search_google_command,I want to search google command immediately
search_google_command,search google command now quickly
search_google_command,Can you search google command right away
search_google_command,search google command please hands free
search_google_command,I want to search google command mode
search_google_command,search google command please please
search_google_command,I want to search google command hands free
search_google_command,search google command now AI gestures
search_google_command,Can you search google command start it
search_google_command,Can you search google command hands free
search_google_command,I want to search google command right away
search_google_command,Can you search google command AI gestures
search_google_command,search google command please right away
search_google_command,search google command now today
search_google_command,search google command please quickly
search_google_command,Can you search google command
search_google_command,I want to search google command function
search_google_command,Can you search google command today
search_google_command,search google command now if possible
search_google_command,I want to search google command if possible
search_google_command,search google command now function
search_google_command,Can you search google command if possible
search_google_command,search google command now immediately
search_google_command,I want to search google command please
search_google_command,Can you search google command system
search_google_command,search google command now
search_google_command,search google command please system
search_google_command,search google command please activate it
search_google_command,I want to search google command now
search_google_command,search google command please today
search_google_command,search google command please for me
search_google_command,search google command please
search_google_command,search google command please if possible
search_google_command,search google command now please
search_google_command,search google command now right away
search_google_command,search google command please AI gestures
search_google_command,Can you search google command function
search_google_command,I want to search google command for me
search_google_command,search google command now system
search_google_command,search google command please function
search_google_command,Can you search google command for me
search_google_command,I want to search google command
search_google_command,I want to search google command system
search_google_command,Can you search google command now
get_info_subject,get info subject now hands free
get_info_subject,I want to get info subject now
get_info_subject,I want to get info subject system
get_info_subject,I want to get info subject mode
get_info_subject,I want to get info subject start it
get_info_subject,get info subject please activate it
get_info_subject,Can you get info subject AI gestures
get_info_subject,get info subject now
get_info_subject,get info subject please quickly
get_info_subject,I want to get info subject
get_info_subject,get info subject please hands free
get_info_subject,get info subject now AI gestures
get_info_subject,I want to get info subject if possible
get_info_subject,get info subject now please
get_info_subject,Can you get info subject mode
get_info_subject,get info subject please today
get_info_subject,get info subject now system
get_info_subject,Can you get info subject immediately
get_info_subject,I want to get info subject hands free
get_info_subject,get info subject please if possible
get_info_subject,get info subject please now
get_info_subject,I want to get info subject function
get_info_subject,Can you get info subject today
get_info_subject,I want to get info subject today
get_info_subject,get info subject now mode
get_info_subject,get info subject please for me
get_info_subject,I want to get info subject for me
get_info_subject,Can you get info subject
get_info_subject,get info subject please
get_info_subject,get info subject now function
get_info_subject,get info subject now if possible
get_info_subject,get info subject please AI gestures
get_info_subject,get info subject now today
get_info_subject,get info subject now immediately
get_info_subject,Can you get info subject hands free
get_info_subject,I want to get info subject activate it
get_info_subject,get info subject now for me
get_info_subject,Can you get info subject function
get_info_subject,I want to get info subject immediately
get_info_subject,get info subject now activate it
open_whatsapp,Can you open whatsapp please
open_whatsapp,open whatsapp now please
open_whatsapp,open whatsapp now AI gestures
open_whatsapp,I want to open whatsapp start it
open_whatsapp,Can you open whatsapp activate it
open_whatsapp,open whatsapp please quickly
open_whatsapp,open whatsapp please function
open_whatsapp,Can you open whatsapp function
open_whatsapp,Can you open whatsapp immediately
open_whatsapp,open whatsapp now today
open_whatsapp,I want to open whatsapp if possible
open_whatsapp,I want to open whatsapp
open_whatsapp,open whatsapp please please
open_whatsapp,open whatsapp now start it
open_whatsapp,open whatsapp now quickly
open_whatsapp,open whatsapp please today
open_whatsapp,I want to open whatsapp activate it
open_whatsapp,Can you open whatsapp if possible
open_whatsapp,I want to open whatsapp please
open_whatsapp,Can you open whatsapp mode
open_whatsapp,I want to open whatsapp right away
open_whatsapp,I want to open whatsapp system
open_whatsapp,open whatsapp please activate it
open_whatsapp,I want to open whatsapp function
open_whatsapp,open whatsapp now right away
open_whatsapp,Can you open whatsapp AI gestures
open_whatsapp,open whatsapp now now
open_whatsapp,Can you open whatsapp start it
open_whatsapp,open whatsapp please if possible
open_whatsapp,I want to open whatsapp today
open_whatsapp,I want to open whatsapp immediately
open_whatsapp,open whatsapp now activate it
open_whatsapp,I want to open whatsapp AI gestures
open_whatsapp,open whatsapp please hands free
open_whatsapp,open whatsapp please start it
open_whatsapp,Can you open whatsapp quickly
open_whatsapp,I want to open whatsapp for me
open_whatsapp,Can you open whatsapp now
open_whatsapp,open whatsapp please
open_whatsapp,open whatsapp please immediately
open_whatsapp,Can you open whatsapp for me
open_whatsapp,open whatsapp now
open_whatsapp,Can you open whatsapp
open_whatsapp,Can you open whatsapp today
open_any_website,open any website now now
open_any_website,I want to open any website if possible
open_any_website,open any website now for me
open_any_website,open any website now immediately
open_any_website,open any website now AI gestures
open_any_website,Can you open any website now
open_any_website,open any website now start it
open_any_website,Can you open any website mode
open_any_website,open any website please AI gestures
open_any_website,Can you open any website quickly
open_any_website,open any website please please
open_any_website,Can you open any website for me
open_any_website,Can you open any website AI gestures
open_any_website,open any website please
open_any_website,Can you open any website
open_any_website,Can you open any website function
open_any_website,Can you open any website today
open_any_website,open any website please function
open_any_website,Can you open any website activate it
open_any_website,I want to open any website activate it
open_any_website,I want to open any website mode
open_any_website,Can you open any website right away
open_any_website,I want to open any website
open_any_website,Can you open any website hands free
open_any_website,I want to open any website system
open_any_website,open any website please today
open_any_website,open any website now activate it
open_any_website,I want to open any website quickly
open_any_website,open any website now quickly
open_any_website,open any website now system
open_any_website,open any website now if possible
open_any_website,Can you open any website if possible
open_any_website,open any website now please
open_any_website,open any website please activate it
open_any_website,open any website please right away
open_any_website,Can you open any website system
open_any_website,open any website please immediately
open_any_website,I want to open any website function
open_any_website,Can you open any website start it
open_any_website,open any website please start it
open_any_website,open any website now today
open_any_website,open any website now
open_any_website,open any website please system
open_any_website,I want to open any website today
open_any_website,Can you open any website please
open_any_website,open any website please now
search_wikipedia_subject,I want to search wikipedia subject
search_wikipedia_subject,search wikipedia subject now today
search_wikipedia_subject,Can you search wikipedia subject immediately
search_wikipedia_subject,Can you search wikipedia subject system
search_wikipedia_subject,search wikipedia subject now right away
search_wikipedia_subject,search wikipedia subject please mode
search_wikipedia_subject,Can you search wikipedia subject quickly
search_wikipedia_subject,search wikipedia subject now AI gestures
search_wikipedia_subject,Can you search wikipedia subject function
search_wikipedia_subject,search wikipedia subject please system
search_wikipedia_subject,I want to search wikipedia subject right away
search_wikipedia_subject,I want to search wikipedia subject start it
search_wikipedia_subject,search wikipedia subject please hands free
search_wikipedia_subject,search wikipedia subject please now
search_wikipedia_subject,I want to search wikipedia subject now
search_wikipedia_subject,search wikipedia subject please function
search_wikipedia_subject,search wikipedia subject now
search_wikipedia_subject,search wikipedia subject now system
search_wikipedia_subject,search wikipedia subject please quickly
search_wikipedia_subject,I want to search wikipedia subject if possible
search_wikipedia_subject,search wikipedia subject now quickly
search_wikipedia_subject,I want to search wikipedia subject today
search_wikipedia_subject,Can you search wikipedia subject
search_wikipedia_subject,search wikipedia subject please AI gestures
search_wikipedia_subject,search wikipedia subject please if possible
search_wikipedia_subject,search wikipedia subject now mode
search_wikipedia_subject,search wikipedia subject please today
search_wikipedia_subject,search wikipedia subject now now
search_wikipedia_subject,I want to search wikipedia subject mode
search_wikipedia_subject,Can you search wikipedia subject if possible
search_wikipedia_subject,Can you search wikipedia subject today
search_wikipedia_subject,search wikipedia subject please immediately
search_wikipedia_subject,search wikipedia subject please
search_wikipedia_subject,Can you search wikipedia subject right away
search_wikipedia_subject,I want to search wikipedia subject for me
search_wikipedia_subject,Can you search wikipedia subject hands free
search_wikipedia_subject,search wikipedia subject please please
search_wikipedia_subject,I want to search wikipedia subject function
search_wikipedia_subject,I want to search wikipedia subject hands free
search_wikipedia_subject,search wikipedia subject now start it
search_wikipedia_subject,Can you search wikipedia subject start it
search_wikipedia_subject,search wikipedia subject now function
search_wikipedia_subject,search wikipedia subject please activate it
search_wikipedia_subject,Can you search wikipedia subject now
search_wikipedia_subject,search wikipedia subject please start it
search_wikipedia_subject,I want to search wikipedia subject immediately
search_wikipedia_subject,I want to search wikipedia subject quickly
search_wikipedia_subject,search wikipedia subject now for me
search_wikipedia_subject,Can you search wikipedia subject AI gestures
check_weather,I want to check weather
check_weather,I want to check weather if possible
check_weather,check weather now now
check_weather,I want to check weather immediately
check_weather,check weather please activate it
check_weather,check weather now immediately
check_weather,Can you check weather system
check_weather,check weather please for me
check_weather,I want to check weather now
check_weather,check weather now system
check_weather,check weather now activate it
check_weather,check weather now quickly
check_weather,Can you check weather activate it
check_weather,I want to check weather activate it
check_weather,check weather please system
check_weather,check weather please mode
check_weather,check weather now function
check_weather,Can you check weather hands free
check_weather,check weather now for me
check_weather,check weather now right away
check_weather,Can you check weather quickly
check_weather,I want to check weather please
check_weather,check weather please quickly
check_weather,I want to check weather for me
check_weather,Can you check weather please
check_weather,I want to check weather today
check_weather,I want to check weather mode
check_weather,Can you check weather now
check_weather,check weather now if possible
check_weather,Can you check weather today
check_weather,check weather please hands free
check_weather,Can you check weather
check_weather,check weather please AI gestures
check_weather,check weather please today
check_weather,check weather please immediately
check_weather,Can you check weather if possible
check_weather,check weather please start it
check_weather,Can you check weather function
check_weather,check weather please please
check_weather,check weather please
check_weather,Can you check weather start it
check_weather,check weather now
check_weather,I want to check weather function
check_weather,check weather please now
set_alarm,set alarm please system
set_alarm,Can you set alarm right away
set_alarm,I want to set alarm right away
set_alarm,set alarm now immediately
set_alarm,set alarm now activate it
set_alarm,set alarm now mode
set_alarm,set alarm please hands free
set_alarm,set alarm now hands free
set_alarm,I want to set alarm activate it
set_alarm,Can you set alarm now
set_alarm,I want to set alarm immediately
set_alarm,set alarm now right away
set_alarm,set alarm please please
set_alarm,Can you set alarm for me
set_alarm,set alarm now for me
set_alarm,Can you set alarm if possible
set_alarm,I want to set alarm now
set_alarm,set alarm now
set_alarm,set alarm please for me
set_alarm,set alarm please quickly
set_alarm,Can you set alarm please
set_alarm,set alarm please immediately
set_alarm,I want to set alarm system
set_alarm,I want to set alarm hands free
set_alarm,I want to set alarm
set_alarm,I want to set alarm AI gestures
set_alarm,I want to set alarm please
set_alarm,I want to set alarm today
set_alarm,I want to set alarm function
set_alarm,set alarm please AI gestures
set_alarm,set alarm please if possible
set_alarm,Can you set alarm
set_alarm,set alarm please now
set_alarm,set alarm now start it
set_alarm,set alarm please function
set_alarm,Can you set alarm hands free
set_alarm,set alarm now please
set_alarm,Can you set alarm today
set_alarm,I want to set alarm quickly
set_alarm,set alarm please
set_alarm,Can you set alarm activate it
set_alarm,set alarm now quickly
set_alarm,Can you set alarm start it
set_alarm,set alarm please right away
set_alarm,set alarm please start it
show_time,show time now
show_time,show time please activate it
show_time,show time now activate it
show_time,show time now right away
show_time,I want to show time right away
show_time,I want to show time now
show_time,show time please now
show_time,show time now please
show_time,Can you show time system
show_time,show time please if possible
show_time,I want to show time function
show_time,I want to show time system
show_time,Can you show time
show_time,show time now now
show_time,show time please quickly
show_time,show time please mode
show_time,I want to show time AI gestures
show_time,Can you show time start it
show_time,Can you show time please
show_time,show time now quickly
show_time,show time please function
show_time,I want to show time
show_time,Can you show time now
show_time,show time now system
show_time,show time now immediately
show_time,show time please
show_time,show time now mode
show_time,Can you show time immediately
show_time,show time now if possible
show_time,I want to show time quickly
show_time,show time now today
show_time,Can you show time activate it
show_time,Can you show time function
show_time,show time please immediately
show_time,show time please right away
show_time,show time please hands free
show_time,I want to show time mode
show_time,show time please start it
show_time,I want to show time start it
show_time,Can you show time today
show_time,Can you show time mode
show_time,show time now function
show_time,Can you show time if possible
show_time,Can you show time right away
show_time,Can you show time AI gestures
show_time,show time please today
show_time,I want to show time hands free
show_time,I want to show time immediately
send_email,send email please for me
send_email,Can you send email for me
send_email,send email now start it
send_email,I want to send email system
send_email,Can you send email function
send_email,Can you send email right away
send_email,Can you send email quickly
send_email,Can you send email mode
send_email,send email now AI gestures
send_email,I want to send email activate it
send_email,send email now function
send_email,send email now for me
send_email,I want to send email hands free
send_email,send email now hands free
send_email,I want to send email quickly
send_email,send email please function
send_email,send email now please
send_email,I want to send email today
send_email,Can you send email today
send_email,send email please
send_email,send email now immediately
send_email,send email please system
send_email,Can you send email immediately
send_email,send email please mode
send_email,send email now activate it
send_email,Can you send email system
send_email,I want to send email
send_email,I want to send email function
send_email,I want to send email start it
send_email,I want to send email immediately
send_email,send email please if possible
send_email,send email now
send_email,send email please activate it
send_email,send email now mode
send_email,send email now right away
send_email,I want to send email now
send_email,send email now system
send_email,Can you send email now
send_email,send email please start it
send_email,Can you send email start it
send_email,I want to send email mode
send_email,send email now if possible
send_email,Can you send email
send_email,send email please now
open_facebook,I want to open facebook
open_facebook,I want to open facebook today
open_facebook,I want to open facebook function
open_facebook,Can you open facebook mode
open_facebook,open facebook now mode
open_facebook,open facebook now system
open_facebook,I want to open facebook for me
open_facebook,open facebook now now
open_facebook,Can you open facebook for me
open_facebook,Can you open facebook activate it
open_facebook,Can you open facebook start it
open_facebook,open facebook now if possible
open_facebook,I want to open facebook quickly
open_facebook,open facebook now AI gestures
open_facebook,open facebook please AI gestures
open_facebook,open facebook please now
open_facebook,open facebook now right away
open_facebook,open facebook now please
open_facebook,open facebook now immediately
open_facebook,Can you open facebook quickly
open_facebook,open facebook please for me
open_facebook,I want to open facebook system
open_facebook,open facebook please please
open_facebook,I want to open facebook mode
open_facebook,I want to open facebook right away
open_facebook,open facebook please start it
open_facebook,Can you open facebook if possible
open_facebook,open facebook please if possible
open_facebook,open facebook now today
open_facebook,Can you open facebook now
open_facebook,open facebook now quickly
open_facebook,Can you open facebook right away
open_facebook,open facebook please mode
open_facebook,open facebook please immediately
open_facebook,open facebook now for me
open_facebook,open facebook now activate it
open_facebook,I want to open facebook start it
open_facebook,open facebook please system
open_facebook,Can you open facebook please
open_facebook,Can you open facebook hands free
open_facebook,open facebook now
open_facebook,open facebook please activate it
open_facebook,I want to open facebook hands free
open_facebook,I want to open facebook immediately
open_facebook,Can you open facebook
open_facebook,I want to open facebook activate it
open_facebook,open facebook please quickly
open_facebook,open facebook please
open_instagram,open instagram now AI gestures
open_instagram,Can you open instagram hands free
open_instagram,I want to open instagram system
open_instagram,I want to open instagram mode
open_instagram,I want to open instagram
open_instagram,open instagram please immediately
open_instagram,I want to open instagram activate it
open_instagram,I want to open instagram quickly
open_instagram,I want to open instagram right away
open_instagram,open instagram now if possible
open_instagram,Can you open instagram
open_instagram,Can you open instagram activate it
open_instagram,open instagram now right away
open_instagram,I want to open instagram function
open_instagram,I want to open instagram now
open_instagram,open instagram now
open_instagram,open instagram please if possible
open_instagram,Can you open instagram please
open_instagram,open instagram please right away
open_instagram,open instagram now system
open_instagram,I want to open instagram if possible
open_instagram,I want to open instagram start it
open_instagram,Can you open instagram right away
open_instagram,open instagram now mode
open_instagram,Can you open instagram if possible
open_instagram,I want to open instagram please
open_instagram,I want to open instagram today
open_instagram,Can you open instagram start it
open_instagram,open instagram please function
open_instagram,I want to open instagram for me
open_instagram,open instagram please quickly
open_instagram,I want to open instagram hands free
open_instagram,open instagram now for me
open_instagram,open instagram please system
open_instagram,open instagram please
open_instagram,Can you open instagram function
open_instagram,open instagram now function
open_instagram,Can you open instagram now
open_instagram,open instagram now now
open_instagram,Can you open instagram for me
open_instagram,I want to open instagram immediately
open_instagram,open instagram now today
open_twitter,Can you open twitter quickly
open_twitter,I want to open twitter AI gestures
open_twitter,Can you open twitter for me
open_twitter,open twitter now hands free
open_twitter,open twitter now mode
open_twitter,open twitter please mode
open_twitter,open twitter now activate it
open_twitter,Can you open twitter now
open_twitter,open twitter now now
open_twitter,I want to open twitter function
open_twitter,Can you open twitter AI gestures
open_twitter,Can you open twitter activate it
open_twitter,open twitter please system
open_twitter,open twitter now for me
open_twitter,Can you open twitter mode
open_twitter,open twitter now AI gestures
open_twitter,I want to open twitter for me
open_twitter,open twitter please function
open_twitter,open twitter please quickly
open_twitter,I want to open twitter start it
open_twitter,open twitter now if possible
open_twitter,open twitter now right away
open_twitter,I want to open twitter immediately
open_twitter,open twitter now function
open_twitter,I want to open twitter right away
open_twitter,I want to open twitter
open_twitter,Can you open twitter function
open_twitter,open twitter please for me
open_twitter,open twitter now quickly
open_twitter,open twitter please
open_twitter,I want to open twitter hands free
open_twitter,Can you open twitter please
open_twitter,open twitter now system
open_twitter,open twitter please hands free
open_twitter,I want to open twitter today
open_twitter,Can you open twitter start it
open_twitter,Can you open twitter right away
open_twitter,open twitter please please
open_twitter,open twitter please today
open_twitter,I want to open twitter if possible
open_twitter,Can you open twitter
open_twitter,Can you open twitter immediately
open_twitter,open twitter now please
open_twitter,open twitter please right away
open_twitter,Can you open twitter if possible
open_twitter,I want to open twitter activate it
open_twitter,open twitter now
open_twitter,open twitter please start it
open_linkedin,I want to open linkedin if possible
open_linkedin,open linkedin please quickly
open_linkedin,Can you open linkedin now
open_linkedin,Can you open linkedin activate it
open_linkedin,I want to open linkedin hands free
open_linkedin,open linkedin please for me
open_linkedin,open linkedin now quickly
open_linkedin,open linkedin now
open_linkedin,open linkedin now mode
open_linkedin,open linkedin now today
open_linkedin,I want to open linkedin system
open_linkedin,open linkedin now AI gestures
open_linkedin,Can you open linkedin immediately
open_linkedin,open linkedin now now
open_linkedin,Can you open linkedin please
open_linkedin,I want to open linkedin mode
open_linkedin,I want to open linkedin right away
open_linkedin,Can you open linkedin right away
open_linkedin,open linkedin please
open_linkedin,I want to open linkedin start it
open_linkedin,open linkedin now if possible
open_linkedin,I want to open linkedin immediately
open_linkedin,open linkedin please today
open_linkedin,I want to open linkedin
open_linkedin,open linkedin now start it
open_linkedin,open linkedin please mode
open_linkedin,I want to open linkedin for me
open_linkedin,Can you open linkedin quickly
open_linkedin,open linkedin please function
open_linkedin,Can you open linkedin
open_linkedin,open linkedin please now
open_linkedin,Can you open linkedin system
open_linkedin,I want to open linkedin activate it
open_linkedin,Can you open linkedin today
open_linkedin,I want to open linkedin AI gestures
open_linkedin,open linkedin please start it
open_linkedin,I want to open linkedin please
open_linkedin,open linkedin now hands free
open_linkedin,Can you open linkedin if possible
open_linkedin,open linkedin please if possible
open_linkedin,open linkedin now right away
open_linkedin,Can you open linkedin AI gestures
open_linkedin,open linkedin now immediately
open_linkedin,open linkedin now system
open_linkedin,open linkedin now function
open_linkedin,open linkedin please activate it
open_linkedin,open linkedin now for me
open_linkedin,Can you open linkedin function
take_screenshot,Can you take screenshot today
take_screenshot,I want to take screenshot start it
take_screenshot,take screenshot now quickly
take_screenshot,take screenshot please
take_screenshot,Can you take screenshot right away
take_screenshot,Can you take screenshot system
take_screenshot,take screenshot now function
take_screenshot,take screenshot please for me
take_screenshot,take screenshot now start it
take_screenshot,Can you take screenshot activate it
take_screenshot,take screenshot now
take_screenshot,I want to take screenshot today
take_screenshot,take screenshot please hands free
take_screenshot,take screenshot now right away
take_screenshot,I want to take screenshot quickly
take_screenshot,Can you take screenshot
take_screenshot,I want to take screenshot immediately
take_screenshot,take screenshot please if possible
take_screenshot,Can you take screenshot please
take_screenshot,Can you take screenshot start it
take_screenshot,I want to take screenshot activate it
take_screenshot,Can you take screenshot immediately
take_screenshot,take screenshot now mode
take_screenshot,take screenshot please quickly
take_screenshot,Can you take screenshot AI gestures
take_screenshot,take screenshot now now
take_screenshot,take screenshot now for me
take_screenshot,Can you take screenshot hands free
take_screenshot,take screenshot please system
take_screenshot,I want to take screenshot hands free
take_screenshot,take screenshot now system
take_screenshot,take screenshot now AI gestures
take_screenshot,take screenshot now please
take_screenshot,Can you take screenshot for me
take_screenshot,I want to take screenshot function
take_screenshot,take screenshot please please
take_screenshot,take screenshot please function
take_screenshot,I want to take screenshot please
take_screenshot,take screenshot please activate it
take_screenshot,I want to take screenshot now
take_screenshot,take screenshot please immediately
take_screenshot,I want to take screenshot
take_screenshot,Can you take screenshot mode
take_screenshot,take screenshot now if possible
take_screenshot,I want to take screenshot AI gestures
take_screenshot,take screenshot please now
take_screenshot,take screenshot please start it
take_screenshot,take screenshot please right away
take_screenshot,Can you take screenshot now
lock_system,lock system please quickly
lock_system,I want to lock system AI gestures
lock_system,lock system now
lock_system,I want to lock system now
lock_system,I want to lock system system
lock_system,Can you lock system quickly
lock_system,I want to lock system today
lock_system,lock system now today
lock_system,lock system please please
lock_system,Can you lock system mode
lock_system,I want to lock system
lock_system,Can you lock system
lock_system,Can you lock system today
lock_system,I want to lock system quickly
lock_system,I want to lock system hands free
lock_system,lock system now hands free
lock_system,Can you lock system right away
lock_system,lock system now quickly
lock_system,lock system now right away
lock_system,Can you lock system please
lock_system,lock system now if possible
lock_system,lock system please mode
lock_system,Can you lock system system
lock_system,lock system now start it
lock_system,I want to lock system activate it
lock_system,lock system please system
lock_system,lock system now system
lock_system,I want to lock system right away
lock_system,lock system please immediately
lock_system,lock system please
lock_system,I want to lock system function
lock_system,lock system please for me
lock_system,lock system now AI gestures
lock_system,lock system please hands free
lock_system,I want to lock system if possible
lock_system,Can you lock system function
lock_system,lock system now activate it
lock_system,I want to lock system start it
lock_system,lock system please today
lock_system,lock system now immediately
lock_system,lock system now function
lock_system,lock system please function
lock_system,Can you lock system for me
lock_system,Can you lock system AI gestures
lock_system,Can you lock system now
shutdown_system,shutdown system now hands free
shutdown_system,Can you shutdown system activate it
shutdown_system,shutdown system now today
shutdown_system,shutdown system please today
shutdown_system,I want to shutdown system activate it
shutdown_system,I want to shutdown system quickly
shutdown_system,I want to shutdown system
shutdown_system,Can you shutdown system start it
shutdown_system,Can you shutdown system quickly
shutdown_system,shutdown system now start it
shutdown_system,I want to shutdown system right away
shutdown_system,shutdown system please activate it
shutdown_system,shutdown system please
shutdown_system,I want to shutdown system today
shutdown_system,I want to shutdown system for me
shutdown_system,I want to shutdown system now
shutdown_system,shutdown system now right away
shutdown_system,I want to shutdown system hands free
shutdown_system,I want to shutdown system please
shutdown_system,shutdown system now system
shutdown_system,Can you shutdown system right away
shutdown_system,I want to shutdown system if possible
shutdown_system,shutdown system please immediately
shutdown_system,Can you shutdown system AI gestures
shutdown_system,shutdown system please if possible
shutdown_system,Can you shutdown system for me
shutdown_system,shutdown system please quickly
shutdown_system,shutdown system now activate it
shutdown_system,shutdown system now function
shutdown_system,shutdown system please mode
shutdown_system,Can you shutdown system
shutdown_system,shutdown system please right away
shutdown_system,I want to shutdown system system
shutdown_system,shutdown system please start it
shutdown_system,shutdown system now
shutdown_system,shutdown system now mode
shutdown_system,Can you shutdown system if possible
shutdown_system,shutdown system please now
shutdown_system,I want to shutdown system function
shutdown_system,shutdown system now immediately
shutdown_system,Can you shutdown system today
shutdown_system,Can you shutdown system immediately
shutdown_system,shutdown system please AI gestures
shutdown_system,Can you shutdown system hands free
shutdown_system,shutdown system now for me
shutdown_system,shutdown system now now
shutdown_system,shutdown system please please
shutdown_system,Can you shutdown system system
restart_system,Can you restart system AI gestures
restart_system,Can you restart system please
restart_system,I want to restart system
restart_system,restart system please system
restart_system,restart system please now
restart_system,Can you restart system right away
restart_system,restart system now quickly
restart_system,restart system now activate it
restart_system,Can you restart system
restart_system,Can you restart system hands free
restart_system,restart system please if possible
restart_system,restart system please
restart_system,I want to restart system start it
restart_system,Can you restart system now
restart_system,I want to restart system if possible
restart_system,I want to restart system function
restart_system,restart system please today
restart_system,I want to restart system hands free
restart_system,restart system now start it
restart_system,restart system now hands free
restart_system,Can you restart system start it
restart_system,restart system now if possible
restart_system,restart system now now
restart_system,restart system now system
restart_system,Can you restart system today
restart_system,restart system now
restart_system,Can you restart system system
restart_system,Can you restart system activate it
restart_system,I want to restart system system
restart_system,I want to restart system immediately
restart_system,restart system please function
restart_system,I want to restart system for me
restart_system,Can you restart system mode
restart_system,restart system please please
restart_system,I want to restart system activate it
restart_system,I want to restart system please
restart_system,I want to restart system quickly
restart_system,Can you restart system if possible
restart_system,restart system now immediately
increase_volume,Can you increase volume
increase_volume,I want to increase volume now
increase_volume,I want to increase volume AI gestures
increase_volume,increase volume now start it
increase_volume,increase volume now right away
increase_volume,increase volume please hands free
increase_volume,increase volume please today
increase_volume,increase volume now hands free
increase_volume,I want to increase volume function
increase_volume,Can you increase volume immediately
increase_volume,I want to increase volume immediately
increase_volume,increase volume now for me
increase_volume,I want to increase volume activate it
increase_volume,increase volume please system
increase_volume,I want to increase volume
increase_volume,increase volume now activate it
increase_volume,Can you increase volume for me
increase_volume,increase volume please now
increase_volume,I want to increase volume for me
increase_volume,increase volume now mode
increase_volume,increase volume please activate it
increase_volume,increase volume please for me
increase_volume,increase volume now AI gestures
increase_volume,increase volume please
increase_volume,Can you increase volume now
increase_volume,increase volume please quickly
increase_volume,increase volume now if possible
increase_volume,increase volume now now
increase_volume,increase volume now immediately
increase_volume,increase volume now
increase_volume,Can you increase volume quickly
increase_volume,increase volume please start it
increase_volume,Can you increase volume please
increase_volume,I want to increase volume start it
increase_volume,increase volume please mode
increase_volume,increase volume please right away
increase_volume,Can you increase volume if possible
increase_volume,increase volume please AI gestures
increase_volume,Can you increase volume mode
increase_volume,increase volume now please
increase_volume,Can you increase volume hands free
increase_volume,increase volume please immediately
increase_volume,increase volume please function
increase_volume,increase volume please if possible
decrease_volume,decrease volume please now
decrease_volume,decrease volume now quickly
decrease_volume,Can you decrease volume quickly
decrease_volume,decrease volume now
decrease_volume,decrease volume please activate it
decrease_volume,I want to decrease volume immediately
decrease_volume,decrease volume please AI gestures
decrease_volume,decrease volume please if possible
decrease_volume,decrease volume please hands free
decrease_volume,I want to decrease volume
decrease_volume,decrease volume please today
decrease_volume,decrease volume now activate it
decrease_volume,I want to decrease volume please
decrease_volume,decrease volume please for me
decrease_volume,I want to decrease volume today
decrease_volume,decrease volume please immediately
decrease_volume,I want to decrease volume hands free
decrease_volume,decrease volume please
decrease_volume,I want to decrease volume function
decrease_volume,decrease volume now AI gestures
decrease_volume,Can you decrease volume right away
decrease_volume,decrease volume now function
decrease_volume,I want to decrease volume for me
decrease_volume,Can you decrease volume now
decrease_volume,decrease volume please right away
decrease_volume,decrease volume now hands free
decrease_volume,I want to decrease volume start it
decrease_volume,decrease volume now for me
decrease_volume,Can you decrease volume mode
decrease_volume,Can you decrease volume for me
decrease_volume,decrease volume now today
decrease_volume,decrease volume please please
decrease_volume,decrease volume please start it
decrease_volume,Can you decrease volume immediately
decrease_volume,I want to decrease volume now
decrease_volume,decrease volume please system
decrease_volume,I want to decrease volume AI gestures
decrease_volume,I want to decrease volume right away
decrease_volume,decrease volume now now
decrease_volume,decrease volume now please
decrease_volume,Can you decrease volume AI gestures
decrease_volume,Can you decrease volume
decrease_volume,decrease volume please function
mute_volume,mute volume please mode
mute_volume,mute volume now system
mute_volume,I want to mute volume
mute_volume,I want to mute volume if possible
mute_volume,mute volume please activate it
mute_volume,mute volume please if possible
mute_volume,I want to mute volume activate it
mute_volume,Can you mute volume activate it
mute_volume,I want to mute volume start it
mute_volume,mute volume please immediately
mute_volume,Can you mute volume quickly
mute_volume,I want to mute volume today
mute_volume,mute volume now for me
mute_volume,mute volume please now
mute_volume,mute volume please AI gestures
mute_volume,mute volume please start it
mute_volume,mute volume please
mute_volume,mute volume please quickly
mute_volume,mute volume now quickly
mute_volume,Can you mute volume right away
mute_volume,Can you mute volume system
mute_volume,Can you mute volume AI gestures
mute_volume,I want to mute volume AI gestures
mute_volume,mute volume now function
mute_volume,Can you mute volume
mute_volume,mute volume please right away
mute_volume,Can you mute volume immediately
mute_volume,mute volume now mode
mute_volume,mute volume now now
mute_volume,I want to mute volume please
mute_volume,Can you mute volume today
mute_volume,mute volume now if possible
mute_volume,Can you mute volume function
mute_volume,mute volume now immediately
mute_volume,mute volume now right away
mute_volume,mute volume now today
mute_volume,mute volume now please
mute_volume,mute volume now
mute_volume,Can you mute volume if possible
mute_volume,mute volume now AI gestures
mute_volume,I want to mute volume hands free
mute_volume,Can you mute volume hands free
mute_volume,mute volume please hands free
mute_volume,I want to mute volume for me
mute_volume,mute volume please for me
mute_volume,mute volume now activate it
mute_volume,mute volume please function
unmute_volume,unmute volume now
unmute_volume,Can you unmute volume right away
unmute_volume,unmute volume please hands free
unmute_volume,I want to unmute volume please
unmute_volume,I want to unmute volume immediately
unmute_volume,unmute volume now today
unmute_volume,Can you unmute volume start it
unmute_volume,I want to unmute volume start it
unmute_volume,unmute volume please mode
unmute_volume,Can you unmute volume now
unmute_volume,unmute volume now immediately
unmute_volume,unmute volume now right away
unmute_volume,I want to unmute volume system
unmute_volume,Can you unmute volume hands free
unmute_volume,Can you unmute volume mode
unmute_volume,unmute volume now hands free
unmute_volume,Can you unmute volume today
unmute_volume,unmute volume please if possible
unmute_volume,unmute volume now please
unmute_volume,unmute volume now quickly
unmute_volume,Can you unmute volume if possible
unmute_volume,Can you unmute volume please
unmute_volume,unmute volume please now
unmute_volume,unmute volume please for me
unmute_volume,unmute volume please quickly
unmute_volume,unmute volume now start it
unmute_volume,unmute volume now if possible
unmute_volume,Can you unmute volume
unmute_volume,I want to unmute volume quickly
unmute_volume,I want to unmute volume right away
unmute_volume,unmute volume please
unmute_volume,I want to unmute volume
unmute_volume,unmute volume now mode
unmute_volume,unmute volume please right away
unmute_volume,unmute volume please immediately
unmute_volume,Can you unmute volume function
unmute_volume,I want to unmute volume function
unmute_volume,unmute volume now AI gestures
unmute_volume,unmute volume now for me
unmute_volume,Can you unmute volume system
unmute_volume,I want to unmute volume mode
unmute_volume,I want to unmute volume if possible
unmute_volume,unmute volume please start it
unmute_volume,Can you unmute volume AI gestures
unmute_volume,I want to unmute volume now
open_camera,open camera now mode
open_camera,I want to open camera today
open_camera,open camera now system
open_camera,open camera now
open_camera,I want to open camera for me
open_camera,open camera now AI gestures
open_camera,I want to open camera mode
open_camera,open camera now hands free
open_camera,I want to open camera now
open_camera,open camera please mode
open_camera,open camera please AI gestures
open_camera,open camera now now
open_camera,Can you open camera function
open_camera,open camera now for me
open_camera,open camera please right away
open_camera,Can you open camera for me
open_camera,Can you open camera quickly
open_camera,I want to open camera AI gestures
open_camera,Can you open camera activate it
open_camera,open camera now activate it
open_camera,I want to open camera right away
open_camera,open camera please activate it
open_camera,Can you open camera mode
open_camera,open camera now if possible
open_camera,open camera please immediately
open_camera,Can you open camera right away
open_camera,I want to open camera if possible
open_camera,Can you open camera hands free
open_camera,open camera please system
open_camera,open camera now start it
open_camera,open camera now today
open_camera,I want to open camera
open_camera,Can you open camera
open_camera,open camera please function
open_camera,open camera please
open_camera,open camera now please
open_camera,open camera please for me
open_camera,open camera please today
open_camera,Can you open camera immediately
open_camera,I want to open camera please
capture_photo,I want to capture photo if possible
capture_photo,I want to capture photo mode
capture_photo,capture photo please immediately
capture_photo,capture photo now right away
capture_photo,Can you capture photo hands free
capture_photo,capture photo please
capture_photo,Can you capture photo for me
capture_photo,I want to capture photo now
capture_photo,Can you capture photo now
capture_photo,Can you capture photo
capture_photo,capture photo please hands free
capture_photo,capture photo please mode
capture_photo,Can you capture photo if possible
capture_photo,capture photo now start it
capture_photo,Can you capture photo function
capture_photo,I want to capture photo quickly
capture_photo,capture photo now for me
capture_photo,I want to capture photo immediately
capture_photo,capture photo now please
capture_photo,Can you capture photo system
capture_photo,capture photo please function
capture_photo,Can you capture photo immediately
capture_photo,Can you capture photo start it
capture_photo,I want to capture photo please
capture_photo,capture photo please please
capture_photo,capture photo please if possible
capture_photo,capture photo now now
capture_photo,I want to capture photo function
capture_photo,capture photo please AI gestures
capture_photo,capture photo now function
capture_photo,capture photo now today
capture_photo,Can you capture photo mode
capture_photo,I want to capture photo system
capture_photo,capture photo please today
capture_photo,capture photo now system
capture_photo,I want to capture photo AI gestures
capture_photo,I want to capture photo activate it
capture_photo,capture photo now mode
capture_photo,capture photo please for me
capture_photo,capture photo please activate it
capture_photo,capture photo please quickly
capture_photo,capture photo now if possible
capture_photo,capture photo please right away
capture_photo,I want to capture photo
capture_photo,capture photo please now
capture_photo,capture photo now AI gestures
capture_photo,capture photo now
record_video,Can you record video quickly
record_video,record video now AI gestures
record_video,record video please today
record_video,I want to record video activate it
record_video,record video please
record_video,Can you record video system
record_video,I want to record video start it
record_video,I want to record video hands free
record_video,record video please hands free
record_video,record video now now
record_video,I want to record video quickly
record_video,Can you record video right away
record_video,I want to record video right away
record_video,record video now if possible
record_video,record video now activate it
record_video,record video please if possible
record_video,record video now hands free
record_video,record video now for me
record_video,I want to record video system
record_video,record video please AI gestures
record_video,Can you record video immediately
record_video,record video please activate it
record_video,record video please quickly
record_video,Can you record video please
record_video,Can you record video hands free
record_video,record video please please
record_video,I want to record video please
record_video,I want to record video if possible
record_video,I want to record video today
record_video,record video now function
record_video,record video please function
record_video,record video please for me
record_video,Can you record video start it
record_video,record video now right away
record_video,Can you record video mode
record_video,record video now today
record_video,I want to record video now
record_video,Can you record video if possible
record_video,Can you record video
record_video,I want to record video
record_video,record video now mode
record_video,I want to record video function
open_calculator,open calculator now AI gestures
open_calculator,open calculator now function
open_calculator,open calculator please system
open_calculator,Can you open calculator quickly
open_calculator,open calculator now system
open_calculator,open calculator please for me
open_calculator,I want to open calculator now
open_calculator,open calculator please right away
open_calculator,I want to open calculator function
open_calculator,open calculator now
open_calculator,Can you open calculator AI gestures
open_calculator,I want to open calculator activate it
open_calculator,I want to open calculator
open_calculator,open calculator please start it
open_calculator,open calculator now now
open_calculator,open calculator now activate it
open_calculator,Can you open calculator function
open_calculator,open calculator please if possible
open_calculator,open calculator please AI gestures
open_calculator,Can you open calculator right away
open_calculator,open calculator please
open_calculator,I want to open calculator please
open_calculator,I want to open calculator quickly
open_calculator,open calculator please mode
open_calculator,open calculator now start it
open_calculator,open calculator please today
open_calculator,Can you open calculator activate it
open_calculator,Can you open calculator for me
open_calculator,Can you open calculator now
open_calculator,open calculator please hands free
open_calculator,open calculator please function
open_calculator,open calculator now right away
open_calculator,open calculator now hands free
open_calculator,I want to open calculator today
open_calculator,Can you open calculator
open_calculator,open calculator please now
open_calculator,I want to open calculator mode
open_calculator,open calculator please quickly
open_calculator,I want to open calculator right away
open_calculator,I want to open calculator hands free
open_calculator,open calculator now if possible
open_calculator,open calculator now quickly
open_notepad,open notepad please quickly
open_notepad,I want to open notepad today
open_notepad,Can you open notepad immediately
open_notepad,I want to open notepad please
open_notepad,open notepad please mode
open_notepad,open notepad now if possible
open_notepad,open notepad please activate it
open_notepad,open notepad now activate it
open_notepad,Can you open notepad system
open_notepad,open notepad now
open_notepad,open notepad now system
open_notepad,open notepad now start it
open_notepad,Can you open notepad activate it
open_notepad,open notepad please
open_notepad,open notepad please for me
open_notepad,open notepad now hands free
open_notepad,open notepad please immediately
open_notepad,open notepad please now
open_notepad,open notepad now for me
open_notepad,I want to open notepad immediately
open_notepad,open notepad now function
open_notepad,Can you open notepad mode
open_notepad,I want to open notepad start it
open_notepad,I want to open notepad quickly
open_notepad,Can you open notepad if possible
open_notepad,I want to open notepad for me
open_notepad,Can you open notepad right away
open_notepad,open notepad please please
open_notepad,open notepad now please
open_notepad,open notepad now today
open_notepad,open notepad please function
open_notepad,Can you open notepad
open_notepad,open notepad please if possible
open_notepad,Can you open notepad now
open_notepad,open notepad now mode
open_notepad,I want to open notepad
open_notepad,I want to open notepad AI gestures
open_notepad,open notepad now right away
open_notepad,open notepad please right away
open_notepad,open notepad now immediately
open_word,Can you open word for me
open_word,Can you open word AI gestures
open_word,open word now for me
open_word,open word please right away
open_word,open word now if possible
open_word,Can you open word right away
open_word,Can you open word start it
open_word,I want to open word AI gestures
open_word,I want to open word today
open_word,I want to open word system
open_word,Can you open word
open_word,Can you open word please
open_word,open word now quickly
open_word,Can you open word today
open_word,open word please start it
open_word,open word please system
open_word,I want to open word please
open_word,I want to open word mode
open_word,open word now function
open_word,I want to open word function
open_word,I want to open word if possible
open_word,Can you open word hands free
open_word,open word now AI gestures
open_word,open word please function
open_word,Can you open word function
open_word,open word please immediately
open_word,open word please please
open_word,open word please mode
open_word,open word now activate it
open_word,I want to open word
open_word,open word now today
open_word,Can you open word quickly
open_word,open word now mode
open_word,open word please now
open_word,Can you open word mode
open_word,open word please
open_word,open word please if possible
open_word,open word now system
open_word,open word now immediately
open_word,open word now
open_word,I want to open word quickly
open_word,open word now start it
open_excel,I want to open excel AI gestures
open_excel,open excel please immediately
open_excel,open excel please mode
open_excel,open excel now if possible
open_excel,open excel now immediately
open_excel,Can you open excel mode
open_excel,Can you open excel please
open_excel,Can you open excel function
open_excel,Can you open excel right away
open_excel,I want to open excel if possible
open_excel,Can you open excel if possible
open_excel,open excel please today
open_excel,Can you open excel immediately
open_excel,Can you open excel system
open_excel,I want to open excel quickly
open_excel,open excel now
open_excel,open excel please quickly
open_excel,Can you open excel for me
open_excel,I want to open excel for me
open_excel,open excel please function
open_excel,open excel please right away
open_excel,I want to open excel mode
open_excel,I want to open excel now
open_excel,open excel please
open_excel,I want to open excel system
open_excel,Can you open excel
open_excel,open excel now system
open_excel,open excel now now
open_excel,open excel please please
open_excel,I want to open excel right away
open_excel,open excel now right away
open_excel,open excel now quickly
open_excel,I want to open excel immediately
open_excel,open excel please start it
open_excel,I want to open excel activate it
open_excel,Can you open excel now
open_excel,Can you open excel quickly
open_excel,Can you open excel activate it
open_excel,open excel please activate it
open_excel,open excel please if possible
open_excel,open excel now today
open_excel,open excel now AI gestures
open_excel,Can you open excel AI gestures
open_excel,I want to open excel please
open_excel,open excel please now
open_excel,open excel please hands free
open_excel,I want to open excel
open_excel,Can you open excel start it
open_excel,Can you open excel today
open_powerpoint,I want to open powerpoint right away
open_powerpoint,open powerpoint please hands free
open_powerpoint,open powerpoint please for me
open_powerpoint,I want to open powerpoint activate it
open_powerpoint,I want to open powerpoint for me
open_powerpoint,Can you open powerpoint hands free
open_powerpoint,open powerpoint now please
open_powerpoint,open powerpoint please please
open_powerpoint,Can you open powerpoint
open_powerpoint,open powerpoint now immediately
open_powerpoint,I want to open powerpoint quickly
open_powerpoint,open powerpoint please now
open_powerpoint,open powerpoint now today
open_powerpoint,I want to open powerpoint start it
open_powerpoint,open powerpoint now start it
open_powerpoint,open powerpoint please function
open_powerpoint,I want to open powerpoint mode
open_powerpoint,Can you open powerpoint right away
open_powerpoint,Can you open powerpoint if possible
open_powerpoint,open powerpoint now for me
open_powerpoint,open powerpoint now mode
open_powerpoint,open powerpoint now if possible
open_powerpoint,I want to open powerpoint
open_powerpoint,open powerpoint please activate it
open_powerpoint,open powerpoint now
open_powerpoint,Can you open powerpoint for me
open_powerpoint,Can you open powerpoint system
open_powerpoint,I want to open powerpoint hands free
open_powerpoint,open powerpoint now activate it
open_powerpoint,open powerpoint please mode
open_powerpoint,I want to open powerpoint function
open_powerpoint,open powerpoint now now
open_powerpoint,open powerpoint now hands free
open_powerpoint,I want to open powerpoint today
open_powerpoint,Can you open powerpoint AI gestures
open_powerpoint,I want to open powerpoint AI gestures
open_powerpoint,Can you open powerpoint function
open_powerpoint,open powerpoint please if possible
open_powerpoint,open powerpoint please
open_powerpoint,I want to open powerpoint please
open_powerpoint,Can you open powerpoint quickly
open_powerpoint,I want to open powerpoint now
open_powerpoint,open powerpoint please start it
open_settings,Can you open settings if possible
open_settings,open settings please mode
open_settings,open settings please now
open_settings,open settings please quickly
open_settings,open settings now activate it
open_settings,I want to open settings now
open_settings,open settings now now
open_settings,open settings now function
open_settings,I want to open settings today
open_settings,Can you open settings now
open_settings,Can you open settings hands free
open_settings,open settings now hands free
open_settings,I want to open settings right away
open_settings,open settings now mode
open_settings,open settings now
open_settings,I want to open settings function
open_settings,Can you open settings AI gestures
open_settings,open settings please for me
open_settings,Can you open settings function
open_settings,open settings please activate it
open_settings,open settings please system
open_settings,I want to open settings
open_settings,open settings now for me
open_settings,Can you open settings activate it
open_settings,Can you open settings please
open_settings,open settings now AI gestures
open_settings,I want to open settings mode
open_settings,Can you open settings today
open_settings,open settings please hands free
open_settings,open settings please AI gestures
open_settings,open settings please please
open_settings,Can you open settings mode
open_settings,open settings please
open_settings,I want to open settings if possible
open_settings,Can you open settings for me
open_settings,open settings now please
open_settings,Can you open settings start it
open_settings,open settings now if possible
open_settings,open settings now immediately
open_settings,open settings now start it
open_settings,open settings now today
open_settings,Can you open settings
open_settings,Can you open settings right away
open_settings,I want to open settings AI gestures
open_settings,open settings please right away
open_settings,I want to open settings immediately
open_settings,open settings please today
open_settings,I want to open settings system
open_settings,I want to open settings quickly
open_settings,I want to open settings activate it
open_settings,open settings now right away
check_battery,I want to check battery mode
check_battery,check battery please
check_battery,check battery now please
check_battery,check battery please today
check_battery,Can you check battery now
check_battery,I want to check battery for me
check_battery,check battery please right away
check_battery,Can you check battery please
check_battery,check battery please quickly
check_battery,check battery please AI gestures
check_battery,I want to check battery now
check_battery,Can you check battery system
check_battery,I want to check battery immediately
check_battery,I want to check battery activate it
check_battery,I want to check battery start it
check_battery,check battery please function
check_battery,check battery now mode
check_battery,check battery now AI gestures
check_battery,I want to check battery if possible
check_battery,I want to check battery please
check_battery,check battery please start it
check_battery,Can you check battery mode
check_battery,check battery now if possible
check_battery,check battery now
check_battery,check battery now now
check_battery,check battery now today
check_battery,check battery now activate it
check_battery,I want to check battery quickly
check_battery,check battery now right away
check_battery,Can you check battery AI gestures
check_battery,check battery please for me
check_battery,Can you check battery immediately
check_battery,Can you check battery function
check_battery,I want to check battery right away
check_battery,check battery please please
check_battery,Can you check battery
check_battery,I want to check battery
check_battery,I want to check battery AI gestures
check_battery,check battery now start it
check_battery,check battery please activate it
check_battery,check battery please immediately
check_battery,check battery please if possible
check_battery,check battery now system
check_battery,Can you check battery if possible
connect_wifi,I want to connect wifi hands free
connect_wifi,connect wifi now system
connect_wifi,connect wifi please now
connect_wifi,Can you connect wifi start it
connect_wifi,Can you connect wifi mode
connect_wifi,connect wifi please for me
connect_wifi,Can you connect wifi hands free
connect_wifi,Can you connect wifi if possible
connect_wifi,I want to connect wifi activate it
connect_wifi,Can you connect wifi AI gestures
connect_wifi,I want to connect wifi quickly
connect_wifi,Can you connect wifi function
connect_wifi,connect wifi please immediately
connect_wifi,connect wifi now
connect_wifi,Can you connect wifi quickly
connect_wifi,connect wifi please AI gestures
connect_wifi,I want to connect wifi function
connect_wifi,Can you connect wifi now
connect_wifi,connect wifi please right away
connect_wifi,connect wifi now hands free
connect_wifi,connect wifi now right away
connect_wifi,I want to connect wifi AI gestures
connect_wifi,connect wifi now mode
connect_wifi,connect wifi please hands free
connect_wifi,connect wifi please today
connect_wifi,connect wifi please
connect_wifi,I want to connect wifi now
connect_wifi,Can you connect wifi please
connect_wifi,connect wifi now if possible
connect_wifi,Can you connect wifi system
connect_wifi,I want to connect wifi please
connect_wifi,Can you connect wifi for me
connect_wifi,I want to connect wifi
connect_wifi,Can you connect wifi
connect_wifi,connect wifi please if possible
connect_wifi,connect wifi please activate it
connect_wifi,connect wifi now for me
connect_wifi,connect wifi please system
connect_wifi,I want to connect wifi for me
connect_wifi,connect wifi please mode
connect_wifi,I want to connect wifi if possible
connect_wifi,I want to connect wifi today
connect_wifi,Can you connect wifi immediately
disconnect_wifi,disconnect wifi now immediately
disconnect_wifi,Can you disconnect wifi quickly
disconnect_wifi,I want to disconnect wifi now
disconnect_wifi,Can you disconnect wifi hands free
disconnect_wifi,Can you disconnect wifi system
disconnect_wifi,disconnect wifi now mode
disconnect_wifi,Can you disconnect wifi activate it
disconnect_wifi,disconnect wifi please
disconnect_wifi,I want to disconnect wifi quickly
disconnect_wifi,disconnect wifi please AI gestures
disconnect_wifi,I want to disconnect wifi activate it
disconnect_wifi,Can you disconnect wifi if possible
disconnect_wifi,I want to disconnect wifi
disconnect_wifi,disconnect wifi now if possible
disconnect_wifi,I want to disconnect wifi immediately
disconnect_wifi,disconnect wifi now AI gestures
disconnect_wifi,disconnect wifi please hands free
disconnect_wifi,Can you disconnect wifi AI gestures
disconnect_wifi,disconnect wifi please quickly
disconnect_wifi,Can you disconnect wifi right away
disconnect_wifi,I want to disconnect wifi system
disconnect_wifi,disconnect wifi please for me
disconnect_wifi,disconnect wifi now today
disconnect_wifi,disconnect wifi now please
disconnect_wifi,Can you disconnect wifi
disconnect_wifi,disconnect wifi now hands free
disconnect_wifi,disconnect wifi please start it
disconnect_wifi,Can you disconnect wifi please
disconnect_wifi,disconnect wifi please today
disconnect_wifi,I want to disconnect wifi AI gestures
disconnect_wifi,disconnect wifi please now
disconnect_wifi,disconnect wifi now activate it
disconnect_wifi,disconnect wifi now now
disconnect_wifi,I want to disconnect wifi hands free
disconnect_wifi,Can you disconnect wifi immediately
disconnect_wifi,I want to disconnect wifi today
disconnect_wifi,Can you disconnect wifi today
disconnect_wifi,Can you disconnect wifi function
disconnect_wifi,Can you disconnect wifi mode
disconnect_wifi,disconnect wifi please right away
disconnect_wifi,disconnect wifi now quickly
disconnect_wifi,disconnect wifi please activate it
disconnect_wifi,disconnect wifi now
check_ip,check ip now please
check_ip,I want to check ip start it
check_ip,I want to check ip function
check_ip,check ip please now
check_ip,check ip please right away
check_ip,check ip please mode
check_ip,check ip please please
check_ip,Can you check ip mode
check_ip,Can you check ip please
check_ip,check ip please hands free
check_ip,I want to check ip
check_ip,Can you check ip start it
check_ip,I want to check ip for me
check_ip,I want to check ip quickly
check_ip,Can you check ip immediately
check_ip,check ip now quickly
check_ip,check ip now
check_ip,check ip now AI gestures
check_ip,check ip now for me
check_ip,I want to check ip if possible
check_ip,I want to check ip please
check_ip,I want to check ip today
check_ip,I want to check ip AI gestures
check_ip,check ip now function
check_ip,Can you check ip activate it
check_ip,I want to check ip mode
check_ip,check ip now today
check_ip,Can you check ip for me
check_ip,check ip now start it
check_ip,check ip now now
check_ip,I want to check ip hands free
check_ip,check ip please for me
check_ip,check ip please system
check_ip,check ip please
check_ip,Can you check ip
check_ip,Can you check ip function
check_ip,I want to check ip right away
check_ip,Can you check ip today
check_ip,Can you check ip quickly
check_ip,I want to check ip activate it
check_ip,Can you check ip right away
check_ip,Can you check ip hands free
check_ip,check ip now immediately
translate_text,translate text now now
translate_text,Can you translate text start it
translate_text,Can you translate text for me
translate_text,translate text please start it
translate_text,Can you translate text hands free
translate_text,I want to translate text immediately
translate_text,I want to translate text hands free
translate_text,translate text please today
translate_text,translate text now please
translate_text,translate text please activate it
translate_text,I want to translate text please
translate_text,I want to translate text start it
translate_text,I want to translate text activate it
translate_text,I want to translate text today
translate_text,translate text now system
translate_text,Can you translate text now
translate_text,translate text now
translate_text,I want to translate text
translate_text,translate text now today
translate_text,translate text please mode
translate_text,translate text now hands free
translate_text,I want to translate text mode
translate_text,Can you translate text system
translate_text,translate text please right away
translate_text,translate text please now
translate_text,translate text please for me
translate_text,I want to translate text system
translate_text,translate text now immediately
translate_text,translate text please system
translate_text,Can you translate text activate it
translate_text,I want to translate text AI gestures
translate_text,translate text now if possible
translate_text,Can you translate text
translate_text,translate text now activate it
translate_text,translate text now mode
translate_text,translate text please if possible
translate_text,Can you translate text quickly
translate_text,translate text now right away
translate_text,Can you translate text please
translate_text,I want to translate text now
translate_text,translate text please AI gestures
translate_text,translate text now AI gestures
translate_text,translate text now for me
translate_text,translate text please hands free
translate_text,translate text please
translate_text,translate text please function
tell_joke,tell joke please if possible
tell_joke,tell joke now hands free
tell_joke,I want to tell joke start it
tell_joke,I want to tell joke now
tell_joke,tell joke please
tell_joke,tell joke please now
tell_joke,tell joke now today
tell_joke,Can you tell joke AI gestures
tell_joke,tell joke now mode
tell_joke,I want to tell joke hands free
tell_joke,Can you tell joke if possible
tell_joke,I want to tell joke
tell_joke,tell joke now start it
tell_joke,Can you tell joke please
tell_joke,tell joke please right away
tell_joke,I want to tell joke AI gestures
tell_joke,I want to tell joke right away
tell_joke,tell joke now immediately
tell_joke,tell joke now quickly
tell_joke,Can you tell joke immediately
tell_joke,tell joke please today
tell_joke,Can you tell joke today
tell_joke,I want to tell joke immediately
tell_joke,tell joke now
tell_joke,tell joke now right away
tell_joke,Can you tell joke activate it
tell_joke,Can you tell joke start it
tell_joke,tell joke please AI gestures
tell_joke,tell joke now for me
tell_joke,Can you tell joke function
tell_joke,I want to tell joke mode
tell_joke,I want to tell joke system
tell_joke,I want to tell joke for me
tell_joke,tell joke now system
tell_joke,I want to tell joke activate it
tell_joke,tell joke please mode
tell_joke,Can you tell joke
tell_joke,tell joke please please
tell_joke,I want to tell joke today
tell_joke,tell joke please function
tell_joke,Can you tell joke right away
tell_joke,tell joke please for me
tell_joke,tell joke please system
news_update,I want to news update today
news_update,news update now quickly
news_update,news update now start it
news_update,I want to news update right away
news_update,Can you news update AI gestures
news_update,news update now for me
news_update,I want to news update now
news_update,news update now today
news_update,Can you news update please
news_update,news update now please
news_update,news update now immediately
news_update,news update now function
news_update,news update please hands free
news_update,news update now
news_update,news update now activate it
news_update,I want to news update quickly
news_update,Can you news update today
news_update,news update now mode
news_update,Can you news update immediately
news_update,news update please start it
news_update,news update please if possible
news_update,news update please activate it
news_update,Can you news update start it
news_update,Can you news update system
news_update,Can you news update now
news_update,news update now AI gestures
news_update,news update please mode
news_update,I want to news update mode
news_update,news update please AI gestures
news_update,news update please system
news_update,I want to news update AI gestures
news_update,news update please right away
news_update,I want to news update system
news_update,Can you news update
news_update,I want to news update hands free
news_update,I want to news update please
news_update,I want to news update function
news_update,news update please immediately
news_update,news update now hands free
news_update,Can you news update for me
news_update,news update please please
news_update,news update now right away
news_update,news update please
news_update,Can you news update function
news_update,I want to news update
currency_convert,currency convert now mode
currency_convert,Can you currency convert for me
currency_convert,currency convert please mode
currency_convert,I want to currency convert right away
currency_convert,currency convert now if possible
currency_convert,currency convert please if possible
currency_convert,I want to currency convert hands free
currency_convert,currency convert please function
currency_convert,currency convert now immediately
currency_convert,I want to currency convert quickly
currency_convert,Can you currency convert function
currency_convert,Can you currency convert if possible
currency_convert,currency convert please system
currency_convert,Can you currency convert please
currency_convert,currency convert please please
currency_convert,Can you currency convert today
currency_convert,I want to currency convert system
currency_convert,Can you currency convert hands free
currency_convert,currency convert now please
currency_convert,currency convert please start it
currency_convert,I want to currency convert now
currency_convert,currency convert now
currency_convert,Can you currency convert activate it
currency_convert,currency convert now quickly
currency_convert,currency convert now hands free
currency_convert,Can you currency convert start it
currency_convert,currency convert now now
currency_convert,Can you currency convert system
currency_convert,currency convert now start it
currency_convert,I want to currency convert please
currency_convert,currency convert please right away
currency_convert,I want to currency convert
currency_convert,currency convert now right away
currency_convert,currency convert please immediately
currency_convert,currency convert please quickly
currency_convert,Can you currency convert immediately
currency_convert,I want to currency convert if possible
currency_convert,currency convert now system
currency_convert,Can you currency convert
currency_convert,currency convert please
currency_convert,I want to currency convert activate it
currency_convert,currency convert now today
currency_convert,I want to currency convert function
currency_convert,I want to currency convert start it
unit_convert,Can you unit convert hands free
unit_convert,I want to unit convert function
unit_convert,I want to unit convert today
unit_convert,I want to unit convert hands free
unit_convert,unit convert please AI gestures
unit_convert,unit convert now hands free
unit_convert,Can you unit convert immediately
unit_convert,Can you unit convert
unit_convert,unit convert now if possible
unit_convert,Can you unit convert right away
unit_convert,unit convert now AI gestures
unit_convert,I want to unit convert system
unit_convert,Can you unit convert mode
unit_convert,unit convert please function
unit_convert,unit convert please hands free
unit_convert,unit convert please for me
unit_convert,unit convert please
unit_convert,I want to unit convert AI gestures
unit_convert,unit convert now now
unit_convert,Can you unit convert please
unit_convert,Can you unit convert system
unit_convert,Can you unit convert activate it
unit_convert,I want to unit convert start it
unit_convert,unit convert please system
unit_convert,unit convert please please
unit_convert,I want to unit convert immediately
unit_convert,unit convert please today
unit_convert,unit convert now activate it
unit_convert,Can you unit convert now
unit_convert,unit convert now for me
unit_convert,I want to unit convert right away
unit_convert,I want to unit convert now
unit_convert,unit convert now immediately
unit_convert,Can you unit convert AI gestures
unit_convert,I want to unit convert
unit_convert,unit convert please start it
unit_convert,unit convert please mode
unit_convert,unit convert now system
unit_convert,Can you unit convert function
unit_convert,unit convert now
unit_convert,unit convert please immediately
unit_convert,unit convert now mode
unit_convert,Can you unit convert if possible
unit_convert,I want to unit convert please
unit_convert,I want to unit convert if possible
unit_convert,I want to unit convert quickly
unit_convert,I want to unit convert mode
unit_convert,unit convert please now
date_today,I want to date today quickly
date_today,date today now please
date_today,I want to date today hands free
date_today,date today please mode
date_today,I want to date today function
date_today,date today now quickly
date_today,Can you date today activate it
date_today,Can you date today AI gestures
date_today,date today now immediately
date_today,Can you date today please
date_today,Can you date today immediately
date_today,Can you date today for me
date_today,I want to date today right away
date_today,Can you date today start it
date_today,date today please if possible
date_today,date today now function
date_today,date today now right away
date_today,date today please now
date_today,date today now system
date_today,date today please function
date_today,Can you date today hands free
date_today,date today please system
date_today,Can you date today
date_today,I want to date today
date_today,I want to date today immediately
date_today,I want to date today activate it
date_today,date today please please
date_today,date today please hands free
date_today,I want to date today please
date_today,I want to date today AI gestures
date_today,Can you date today now
date_today,date today now
date_today,I want to date today now
date_today,date today now activate it
date_today,date today please for me
date_today,Can you date today today
date_today,date today now for me
date_today,date today please right away
date_today,Can you date today function
date_today,Can you date today if possible
date_today,Can you date today system
date_today,date today now AI gestures
date_today,date today now today
date_today,date today please
date_today,date today now if possible
date_today,date today now hands free
date_today,Can you date today mode
holiday_check,I want to holiday check immediately
holiday_check,holiday check now please
holiday_check,I want to holiday check system
holiday_check,Can you holiday check right away
holiday_check,Can you holiday check activate it
holiday_check,holiday check please please
holiday_check,holiday check please today
holiday_check,holiday check now quickly
holiday_check,Can you holiday check AI gestures
holiday_check,holiday check please for me
holiday_check,Can you holiday check please
holiday_check,holiday check please AI gestures
holiday_check,I want to holiday check hands free
holiday_check,I want to holiday check today
holiday_check,I want to holiday check
holiday_check,holiday check now immediately
holiday_check,holiday check please hands free
holiday_check,holiday check now hands free
holiday_check,I want to holiday check activate it
holiday_check,holiday check please quickly
holiday_check,holiday check now right away
holiday_check,holiday check please
holiday_check,Can you holiday check system
holiday_check,holiday check now mode
holiday_check,holiday check now now
holiday_check,holiday check please right away
holiday_check,I want to holiday check please
holiday_check,Can you holiday check now
holiday_check,holiday check please activate it
holiday_check,holiday check now
holiday_check,holiday check please function
holiday_check,holiday check now activate it
holiday_check,Can you holiday check
holiday_check,holiday check now function
holiday_check,holiday check now system
holiday_check,Can you holiday check mode
holiday_check,I want to holiday check AI gestures
holiday_check,I want to holiday check for me
holiday_check,holiday check please mode
holiday_check,I want to holiday check right away
holiday_check,holiday check now AI gestures
holiday_check,holiday check now if possible
holiday_check,holiday check now for me
holiday_check,holiday check please system
open_maps,open maps now function
open_maps,open maps now system
open_maps,open maps now activate it
open_maps,I want to open maps please
open_maps,open maps now today
open_maps,Can you open maps for me
open_maps,open maps now if possible
open_maps,I want to open maps quickly
open_maps,open maps now start it
open_maps,open maps now AI gestures
open_maps,I want to open maps AI gestures
open_maps,Can you open maps quickly
open_maps,open maps please for me
open_maps,open maps please mode
open_maps,Can you open maps hands free
open_maps,I want to open maps
open_maps,open maps please activate it
open_maps,open maps now right away
open_maps,open maps now please
open_maps,open maps please
open_maps,open maps now
open_maps,Can you open maps please
open_maps,open maps please right away
open_maps,open maps please immediately
open_maps,Can you open maps start it
open_maps,I want to open maps now
open_maps,Can you open maps if possible
open_maps,Can you open maps now
open_maps,I want to open maps if possible
open_maps,open maps now hands free
open_maps,I want to open maps activate it
open_maps,open maps now quickly
open_maps,open maps please start it
open_maps,open maps please today
open_maps,Can you open maps system
open_maps,Can you open maps AI gestures
open_maps,open maps now for me
open_maps,open maps please hands free
open_maps,open maps please quickly
open_maps,I want to open maps start it
open_maps,Can you open maps
navigate_location,navigate location please start it
navigate_location,navigate location please right away
navigate_location,navigate location now start it
navigate_location,Can you navigate location hands free
navigate_location,I want to navigate location right away
navigate_location,I want to navigate location if possible
navigate_location,Can you navigate location today
navigate_location,I want to navigate location hands free
navigate_location,Can you navigate location
navigate_location,I want to navigate location today
navigate_location,navigate location please immediately
navigate_location,I want to navigate location for me
navigate_location,navigate location please hands free
navigate_location,Can you navigate location immediately
navigate_location,Can you navigate location now
navigate_location,Can you navigate location if possible
navigate_location,I want to navigate location please
navigate_location,navigate location please please
navigate_location,I want to navigate location immediately
navigate_location,navigate location please if possible
navigate_location,I want to navigate location system
navigate_location,I want to navigate location
navigate_location,navigate location now function
navigate_location,navigate location please
navigate_location,navigate location now for me
navigate_location,I want to navigate location activate it
navigate_location,I want to navigate location mode
navigate_location,navigate location please quickly
navigate_location,navigate location now activate it
navigate_location,navigate location now right away
navigate_location,navigate location please for me
navigate_location,Can you navigate location please
navigate_location,Can you navigate location system
navigate_location,navigate location please now
navigate_location,navigate location please activate it
navigate_location,Can you navigate location quickly
navigate_location,navigate location now immediately
navigate_location,navigate location now mode
navigate_location,navigate location now please
navigate_location,Can you navigate location mode
navigate_location,navigate location now
navigate_location,navigate location now quickly
navigate_location,navigate location please AI gestures
navigate_location,Can you navigate location function
navigate_location,navigate location please system
navigate_location,Can you navigate location activate it
reminder_set,reminder set please right away
reminder_set,Can you reminder set
reminder_set,Can you reminder set AI gestures
reminder_set,reminder set now now
reminder_set,reminder set please quickly
reminder_set,I want to reminder set now
reminder_set,I want to reminder set please
reminder_set,reminder set please for me
reminder_set,Can you reminder set for me
reminder_set,reminder set please function
reminder_set,Can you reminder set hands free
reminder_set,I want to reminder set mode
reminder_set,reminder set now function
reminder_set,reminder set please immediately
reminder_set,reminder set please
reminder_set,reminder set now for me
reminder_set,I want to reminder set immediately
reminder_set,reminder set now mode
reminder_set,I want to reminder set quickly
reminder_set,reminder set please system
reminder_set,I want to reminder set
reminder_set,I want to reminder set hands free
reminder_set,reminder set now start it
reminder_set,I want to reminder set function
reminder_set,Can you reminder set mode
reminder_set,Can you reminder set right away
reminder_set,reminder set now
reminder_set,reminder set now right away
reminder_set,I want to reminder set right away
reminder_set,I want to reminder set if possible
reminder_set,I want to reminder set for me
reminder_set,reminder set please today
reminder_set,reminder set now activate it
reminder_set,Can you reminder set immediately
reminder_set,Can you reminder set system
reminder_set,reminder set please mode
reminder_set,Can you reminder set please
reminder_set,Can you reminder set today
reminder_set,reminder set please now
reminder_set,Can you reminder set quickly
reminder_set,reminder set please if possible
reminder_set,reminder set please hands free
reminder_set,reminder set please AI gestures
reminder_set,I want to reminder set start it
gesture_activation,Enable gesture navigation right away
gesture_activation,Turn on motion control if possible
gesture_activation,Control with gestures today
gesture_activation,Gesture  on if possible
gesture_activation,Activate gesture mode
gesture_activation,Control with gestures now
gesture_activation,Turn on motion control now
gesture_activation,Gesture  on immediately
gesture_activation,Control with gestures please
gesture_activation,I want to use gestures activate it
gesture_activation,Control with gestures function
gesture_activation,Switch to gesture today
gesture_activation,Gesture mode on AI gestures
gesture_activation,Enable hand gesture commands system
gesture_activation,Gesture  on right away
gesture_activation,Switch to gesture mode right away
gesture_activation,Turn on motion control
gesture_activation,Enable hand gesture commands AI gestures
gesture_activation,Gesture mode on start it
gesture_activation,Control with gestures activate it
gesture_activation,Start gesture recognition activate it
gesture_activation,Turn on motion control quickly
gesture_activation,Control with gestures mode
gesture_activation,Enable gesture navigation mode
gesture_activation,Enable hand gesture commands right away
gesture_activation,Turn on gesture control if possible
gesture_activation,Enable hand gesture commands activate it
gesture_activation,Enable hand gesture commands please
gesture_activation,Switch to gesture mode
gesture_activation,Turn on gesture control system
gesture_activation,I want to use gestures
gesture_activation,Enable hand gesture commands hands free
gesture_activation,Start gesture recognition
gesture_activation,I want to use gestures please
gesture_activation,Enable gesture navigation
gesture_activation,Switch to gesture mode function
gesture_activation,Gesture mode on now
gesture_activation,Enable gesture navigation quickly
gesture_activation,Enable hand gesture commands start it
gesture_activation,Enable gesture navigation AI gestures
gesture_activation,Enable hand gesture commands quickly
gesture_activation,Gesture mode on immediately
gesture_activation,Activate gesture
gesture_activation,Activate gesture mode function
gesture_activation,Turn on gesture control quickly
gesture_activation,Turn on gesture control right away
gesture_activation,Switch to gesture
gesture_activation,Turn on motion control activate it
gesture_activation,Control with gestures AI gestures
gesture_activation,Activate gesture mode please
gesture_activation,Turn on gesture control
gesture_activation,Control with gestures
gesture_activation,Turn on gesture control activate it
gesture_activation,Turn on motion control system
gesture_activation,Start gesture recognition if possible
gesture_activation,Start gesture recognition please
gesture_activation,Switch to gesture mode start it
gesture_activation,Activate gesture mode right away
gesture_activation,Gesture mode on
gesture_activation,Gesture mode on hands free
gesture_activation,Gesture  on activate it
gesture_activation,Control with gestures hands free
gesture_activation,Control with gestures system
